{"MSE": 2.453983836538874, "_timestamp": 1685633198.461945, "_runtime": 7.514132976531982, "_step": 0, "_wandb": {"runtime": 736}}