{"MSE": 2.464544935503789, "_timestamp": 1685633995.100132, "_runtime": 3.5929598808288574, "_step": 0, "_wandb": {"runtime": 3}}