{"MSE": 2.4844731555780433, "_timestamp": 1685633952.692806, "_runtime": 2.6032071113586426, "_step": 0, "_wandb": {"runtime": 2}}