{"MSE": 2.47292217171105, "_timestamp": 1685633931.9906712, "_runtime": 3.0110182762145996, "_step": 0, "_wandb": {"runtime": 2}}