{"MSE": 2.453983836538874, "_timestamp": 1685633287.8566241, "_runtime": 6.639839172363281, "_step": 0, "_wandb": {"runtime": 6}}