{"MSE": 2.5374013862036504, "_timestamp": 1685633963.029784, "_runtime": 2.7325050830841064, "_step": 0, "_wandb": {"runtime": 2}}