{"MSE": 2.4665166711498565, "_timestamp": 1685634015.3733299, "_runtime": 2.627330780029297, "_step": 0, "_wandb": {"runtime": 2}}